userid,username,hashedpw,salt,name,nric,contact,email,emailverified
ca574406-35e2-11ed-8e89-924eac19c426,Kelly_Mcintosh,a4a3cd4296f447c80122a7c4927384b2,mHxLYfAgQI,Kelly Mcintosh,T76688219B,<function generate_contact at 0x101c0f5e0>,Kelly_Mcintosh@outlook.com,false
ca574cf8-35e2-11ed-8e89-924eac19c426,Alexander_Jones,5d9bc5823fe600e2e3bb1df8c6d380ff,KTtSlAFvIQ,Alexander Jones,S17350499H,<function generate_contact at 0x101c0f5e0>,Alexander_Jones@yahoo.com,false
ca5752fc-35e2-11ed-8e89-924eac19c426,Laura_Copeland,37bc493c96cbc65ffc1469c89192fada,AqmiFIq9u8,Laura Copeland,S56757104R,<function generate_contact at 0x101c0f5e0>,Laura_Copeland@outlook.com,false
ca5758ec-35e2-11ed-8e89-924eac19c426,Andrew_White,930e29bfe4522dafddd8bddcb01f2e51,sxEH0d1Jqc,Andrew White,S99667090B,<function generate_contact at 0x101c0f5e0>,Andrew_White@yahoo.com,false
ca575edc-35e2-11ed-8e89-924eac19c426,Michele_Johnson,537307311ea911562a44296d7ff2c91c,tfQjr1it8X,Michele Johnson,T42834698C,<function generate_contact at 0x101c0f5e0>,Michele_Johnson@gmail.com,false
ca576490-35e2-11ed-8e89-924eac19c426,Tommy_Fernandez,af88454658d1c3302ba8744f27d3e4d2,AybAq8jeui,Tommy Fernandez,T95209345L,<function generate_contact at 0x101c0f5e0>,Tommy_Fernandez@outlook.com,false
ca576c1a-35e2-11ed-8e89-924eac19c426,William_Washington,5066088b1804c2134c3b31058c5d6a50,hji9bB1INj,William Washington,T28731060B,<function generate_contact at 0x101c0f5e0>,William_Washington@yahoo.com,false
ca5772a0-35e2-11ed-8e89-924eac19c426,Alex_Johns,e2cf277bc4a05844d0ae6b22a81f29b5,fX7yLRRI3e,Alex Johns,T58691133M,<function generate_contact at 0x101c0f5e0>,Alex_Johns@outlook.com,false
ca5778c2-35e2-11ed-8e89-924eac19c426,Melissa_Andrews,7e15d8cb11fb03ceb980f5aadf19e7a6,RLdiXl9OrU,Melissa Andrews,S77606789B,<function generate_contact at 0x101c0f5e0>,Melissa_Andrews@yahoo.com,false
ca578222-35e2-11ed-8e89-924eac19c426,Robert_Herman,019636412415610d41b80b2d9d9dd72f,bYjsqy8w82,Robert Herman,T21385611B,<function generate_contact at 0x101c0f5e0>,Robert_Herman@outlook.com,false
ca578a24-35e2-11ed-8e89-924eac19c426,Thomas_Cook,7058ec9a4c6ca4c460803c7d0de1c37b,cgOtlrfPSM,Thomas Cook,T1367431N,<function generate_contact at 0x101c0f5e0>,Thomas_Cook@yahoo.com,false
ca579032-35e2-11ed-8e89-924eac19c426,Joshua_Yoder,46f4dfca4a92dc5379eebe6266d80b60,iNEy1UiHIV,Joshua Yoder,S8366283R,<function generate_contact at 0x101c0f5e0>,Joshua_Yoder@outlook.com,false
ca579622-35e2-11ed-8e89-924eac19c426,Elizabeth_Rush,eef0e30e5f172cb16dcab9ab21be8899,kc8eHbj9OH,Elizabeth Rush,T31738400T,<function generate_contact at 0x101c0f5e0>,Elizabeth_Rush@outlook.com,false
ca579c3a-35e2-11ed-8e89-924eac19c426,Ana_Acevedo,eaf5e8762b46d93147dd410a090c35cc,iTOsWKJYM2,Ana Acevedo,T33033494O,<function generate_contact at 0x101c0f5e0>,Ana_Acevedo@yahoo.com,false
ca57a220-35e2-11ed-8e89-924eac19c426,Linda_Cameron,08db95c95393ddc129f8dd6c518f74cb,w5XPPpk7ew,Linda Cameron,S79202771J,<function generate_contact at 0x101c0f5e0>,Linda_Cameron@yahoo.com,false
ca57a806-35e2-11ed-8e89-924eac19c426,Jennifer_Lee,fcc3d674b118acf57bc5dd24fb07a9b2,0TVTjLTsJY,Jennifer Lee,S58756132D,<function generate_contact at 0x101c0f5e0>,Jennifer_Lee@yahoo.com,false
ca57adf6-35e2-11ed-8e89-924eac19c426,Jaime_Gordon,43fc46961235d0b120febb4fe28cd59e,4ikie8pnH2,Jaime Gordon,T62489832L,<function generate_contact at 0x101c0f5e0>,Jaime_Gordon@gmail.com,false
ca57b404-35e2-11ed-8e89-924eac19c426,Brooke_Davis,d8a4e87afc7d217eadeee1891b7c480a,qRkzmT1pim,Brooke Davis,T38668845I,<function generate_contact at 0x101c0f5e0>,Brooke_Davis@outlook.com,false
ca57b9f4-35e2-11ed-8e89-924eac19c426,Sharon_Murray,621a7d2fba11e09e66420dcd42225f01,1KWNjo0KNJ,Sharon Murray,T9505410G,<function generate_contact at 0x101c0f5e0>,Sharon_Murray@outlook.com,false
ca57bff8-35e2-11ed-8e89-924eac19c426,Lisa_Luna,5c8b0f7eb169aab57c42c0530a3e3b34,vYc3zDmRE4,Lisa Luna,T30198759M,<function generate_contact at 0x101c0f5e0>,Lisa_Luna@yahoo.com,false
ca57c5e8-35e2-11ed-8e89-924eac19c426,Brian_Murphy,9766942a748527979229d356cfd3de1f,t1hoDmrFN2,Brian Murphy,T67090616Q,<function generate_contact at 0x101c0f5e0>,Brian_Murphy@gmail.com,false
ca57cbb0-35e2-11ed-8e89-924eac19c426,Juan_Foster,0bc5ac14f64c9f774a0127b60c8e2be5,QUQ3DbF2Q1,Juan Foster,T62989246N,<function generate_contact at 0x101c0f5e0>,Juan_Foster@outlook.com,false
ca57d4ca-35e2-11ed-8e89-924eac19c426,Kathleen_Booth,22f2bec54bebd6efaf12758ef63301f1,eD2sq6XH8D,Kathleen Booth,S5155379J,<function generate_contact at 0x101c0f5e0>,Kathleen_Booth@gmail.com,false
ca57dce0-35e2-11ed-8e89-924eac19c426,Justin_Williams,ae3d5920c6d406f1c40f2e9a33ffc4cd,vpD6Q8XOFo,Justin Williams,T46806909Z,<function generate_contact at 0x101c0f5e0>,Justin_Williams@gmail.com,false
ca57e316-35e2-11ed-8e89-924eac19c426,Patrick_Peterson,3112bc738375b06e81878c335d0b9768,PkwkVEctFf,Patrick Peterson,T57326742D,<function generate_contact at 0x101c0f5e0>,Patrick_Peterson@gmail.com,false
ca57e906-35e2-11ed-8e89-924eac19c426,Thomas_Gilbert,43d96310a567242329695143bfebf0a5,01AoAQJFuI,Thomas Gilbert,S2576009E,<function generate_contact at 0x101c0f5e0>,Thomas_Gilbert@yahoo.com,false
ca57eece-35e2-11ed-8e89-924eac19c426,Kim_Miller,b4421658955778e6016b07f2aa7a102c,ZVwRDzA7ZH,Kim Miller,T42815464S,<function generate_contact at 0x101c0f5e0>,Kim_Miller@yahoo.com,false
ca57f482-35e2-11ed-8e89-924eac19c426,Kelly_Vang,ec8dba69b2c5422b32ba61fce4ff7b2b,saR6HGF1w9,Kelly Vang,T84491310P,<function generate_contact at 0x101c0f5e0>,Kelly_Vang@gmail.com,false
ca57fa36-35e2-11ed-8e89-924eac19c426,Michael_Herring,ae79cc03e249600bc8d3086c09863a45,oSoAtQb0N3,Michael Herring,S33686066K,<function generate_contact at 0x101c0f5e0>,Michael_Herring@yahoo.com,false
ca580008-35e2-11ed-8e89-924eac19c426,Stephen_Avila,c0929ced9f51b3d9e3ec6b5e9bf50f4b,bW3M1woyLL,Stephen Avila,S59094637X,<function generate_contact at 0x101c0f5e0>,Stephen_Avila@gmail.com,false
ca580670-35e2-11ed-8e89-924eac19c426,Samantha_Barnett,3a69c5a30e18992b7f0cab93d56ea770,2dEN8NrqCM,Samantha Barnett,S18739346E,<function generate_contact at 0x101c0f5e0>,Samantha_Barnett@outlook.com,false
ca580cb0-35e2-11ed-8e89-924eac19c426,Amy_Dennis,6c6a3674406e6308eb91c434d0a5bde8,Tz7dBP8MzG,Amy Dennis,S78609617S,<function generate_contact at 0x101c0f5e0>,Amy_Dennis@yahoo.com,false
ca581250-35e2-11ed-8e89-924eac19c426,Debra_Cox,a7b690cd3654807b1279376bc8980bc0,vIbm2eii18,Debra Cox,T20499312M,<function generate_contact at 0x101c0f5e0>,Debra_Cox@outlook.com,false
ca58187c-35e2-11ed-8e89-924eac19c426,Traci_Rangel,e32b93d254a859a8b7ecaf6f6f4a85ca,L70edsKOYl,Traci Rangel,S14692090G,<function generate_contact at 0x101c0f5e0>,Traci_Rangel@outlook.com,false
ca581e3a-35e2-11ed-8e89-924eac19c426,Scott_Walsh,74a1ede1dbeba6d4ef981411c495c7c2,MJmYyGkBcY,Scott Walsh,S18387268Q,<function generate_contact at 0x101c0f5e0>,Scott_Walsh@yahoo.com,false
ca5823f8-35e2-11ed-8e89-924eac19c426,Taylor_Johnson,0e7b5c65f2be8bd834082917111a5d43,YO24AoVdwF,Taylor Johnson,S37518989P,<function generate_contact at 0x101c0f5e0>,Taylor_Johnson@outlook.com,false
ca582998-35e2-11ed-8e89-924eac19c426,Elizabeth_Smith,66d0d802b2e5435d02678818d519635a,bPOtuaOlch,Elizabeth Smith,T80180612K,<function generate_contact at 0x101c0f5e0>,Elizabeth_Smith@gmail.com,false
ca582f74-35e2-11ed-8e89-924eac19c426,John_Jackson,ca4b821ed75f5f9018c2f9774922536e,8gD0UYo1W7,John Jackson,S53144159X,<function generate_contact at 0x101c0f5e0>,John_Jackson@gmail.com,false
ca58355a-35e2-11ed-8e89-924eac19c426,Jessica_Walls,9cc859972b8afd670ec5d54cfd125443,5AmDuy9sSH,Jessica Walls,S26366583G,<function generate_contact at 0x101c0f5e0>,Jessica_Walls@outlook.com,false
ca583b18-35e2-11ed-8e89-924eac19c426,Gregory_Levine,f61011e9bafc738faa39392b5cff4f27,jwDzmcTE4O,Gregory Levine,T43989786Y,<function generate_contact at 0x101c0f5e0>,Gregory_Levine@yahoo.com,false
ca5840e0-35e2-11ed-8e89-924eac19c426,Tanya_Hansen,0b5a66fff960c7516e2cad23f56bc30a,D2OnmZVLOq,Tanya Hansen,S55747645B,<function generate_contact at 0x101c0f5e0>,Tanya_Hansen@outlook.com,false
ca5846a8-35e2-11ed-8e89-924eac19c426,Kathryn_Lozano,0f4c563278bee4a02b1687a9f7beb9a1,dMwnFCVEXO,Kathryn Lozano,S67703846G,<function generate_contact at 0x101c0f5e0>,Kathryn_Lozano@gmail.com,false
ca584f54-35e2-11ed-8e89-924eac19c426,Carl_Merritt,14b560c972acf06e769465901dbd2fe2,j30p0Q5zfG,Carl Merritt,T77738418Q,<function generate_contact at 0x101c0f5e0>,Carl_Merritt@yahoo.com,false
ca58556c-35e2-11ed-8e89-924eac19c426,Manuel_Taylor,34096915771ffd70450f96ba702f2dcb,W8sYznYbN3,Manuel Taylor,S14718688S,<function generate_contact at 0x101c0f5e0>,Manuel_Taylor@yahoo.com,false
ca585b3e-35e2-11ed-8e89-924eac19c426,Sean_Cook,62f7183f2a182a5929d11da0ca524430,eV3FwA4SiV,Sean Cook,T23533868V,<function generate_contact at 0x101c0f5e0>,Sean_Cook@outlook.com,false
ca58611a-35e2-11ed-8e89-924eac19c426,Kimberly_Moore,125101a56f4a689cbb465fdd827eed37,TBGEgGQ7KM,Kimberly Moore,T75663846E,<function generate_contact at 0x101c0f5e0>,Kimberly_Moore@yahoo.com,false
ca5866e2-35e2-11ed-8e89-924eac19c426,Christopher_Spears,a1834e0cf4181b716ebdf087c0f5b32f,GU1yJu3dzG,Christopher Spears,S67993409B,<function generate_contact at 0x101c0f5e0>,Christopher_Spears@yahoo.com,false
ca586cbe-35e2-11ed-8e89-924eac19c426,Christopher_Morgan,a02e953c216173a0e772b43e3e281dbf,x78L3ad2Zx,Christopher Morgan,T7114767Y,<function generate_contact at 0x101c0f5e0>,Christopher_Morgan@outlook.com,false
ca588712-35e2-11ed-8e89-924eac19c426,William_Lewis,e658ec0618c84ae6700ea79ab92e48aa,8cW3fWFuMb,William Lewis,T18033373P,<function generate_contact at 0x101c0f5e0>,William_Lewis@yahoo.com,false
ca588d48-35e2-11ed-8e89-924eac19c426,Jon_Leonard,9bd903d31af3637b60da3b0b4389a882,rKIwGVAGoC,Jon Leonard,T65916168U,<function generate_contact at 0x101c0f5e0>,Jon_Leonard@outlook.com,false
ca5892e8-35e2-11ed-8e89-924eac19c426,Ray_Solomon,28a559d04a1b95059409becfa4bb09d1,t1HQV2daBy,Ray Solomon,T78073932U,<function generate_contact at 0x101c0f5e0>,Ray_Solomon@outlook.com,false
ca58987e-35e2-11ed-8e89-924eac19c426,Michelle_Duffy,6f44b03a2ea0a7b87d5bf413b558ccba,TM7QQx14Ut,Michelle Duffy,T46017760I,<function generate_contact at 0x101c0f5e0>,Michelle_Duffy@outlook.com,false
ca589e0a-35e2-11ed-8e89-924eac19c426,Russell_Joseph,4f85367e7736cecebea10b88f3675ee7,4LlHVhIzWa,Russell Joseph,S27497428N,<function generate_contact at 0x101c0f5e0>,Russell_Joseph@gmail.com,false
ca58a396-35e2-11ed-8e89-924eac19c426,Janice_Dixon,c477d8669ccb8be0800c4b65d364cb20,N3ExeGvHJj,Janice Dixon,T27316644Z,<function generate_contact at 0x101c0f5e0>,Janice_Dixon@gmail.com,false
ca58a936-35e2-11ed-8e89-924eac19c426,Johnny_Smith,c2c8c686fdfcd4b7c4e0a56f2960ac7b,NCAH6kMxqk,Johnny Smith,S76082253E,<function generate_contact at 0x101c0f5e0>,Johnny_Smith@outlook.com,false
ca58af08-35e2-11ed-8e89-924eac19c426,Kathryn_Ross,b69b9613be6c4565c01c7bf44dc9746c,Q18I2lgO2M,Kathryn Ross,S52600046O,<function generate_contact at 0x101c0f5e0>,Kathryn_Ross@yahoo.com,false
ca58b4da-35e2-11ed-8e89-924eac19c426,Sherry_Lozano,0545540905bb2f15d9cd14972d55eae4,Ywtwl085lW,Sherry Lozano,S30515258D,<function generate_contact at 0x101c0f5e0>,Sherry_Lozano@yahoo.com,false
ca58bab6-35e2-11ed-8e89-924eac19c426,Christopher_Johnson,5288e3ae2da1b07eac18bc9b5d001257,wOHZPinS06,Christopher Johnson,T30407226O,<function generate_contact at 0x101c0f5e0>,Christopher_Johnson@gmail.com,false
ca58c092-35e2-11ed-8e89-924eac19c426,Kathryn_Mcfarland,fd095ee5418bfdb541cfd639a5cea283,gfkMN7czW0,Kathryn Mcfarland,S41102298J,<function generate_contact at 0x101c0f5e0>,Kathryn_Mcfarland@yahoo.com,false
ca58c678-35e2-11ed-8e89-924eac19c426,Nicholas_Harper,7e920de3beb3e728c6cc0e11acf0921b,A4GK0nsuUh,Nicholas Harper,T66594201E,<function generate_contact at 0x101c0f5e0>,Nicholas_Harper@gmail.com,false
ca58cbfa-35e2-11ed-8e89-924eac19c426,Crystal_Lindsey,2aae5705b8fe48c18713dfd4e0b93d90,8h54rrE9LH,Crystal Lindsey,S58616716M,<function generate_contact at 0x101c0f5e0>,Crystal_Lindsey@yahoo.com,false
ca58d190-35e2-11ed-8e89-924eac19c426,Angel_Li,b244ed751785b93305a5ef914e13e2ee,VtbbBYc3SP,Angel Li,T50288956R,<function generate_contact at 0x101c0f5e0>,Angel_Li@yahoo.com,false
ca58d776-35e2-11ed-8e89-924eac19c426,Ashley_Pearson,f8318830d970ee0238e6f0b54fa18998,U1OzfMTwU8,Ashley Pearson,S53245120J,<function generate_contact at 0x101c0f5e0>,Ashley_Pearson@yahoo.com,false
ca58dd52-35e2-11ed-8e89-924eac19c426,Angela_Jimenez,108604e4a19d94759bbba102c319ef8b,0mdUFlCFO4,Angela Jimenez,T78097653B,<function generate_contact at 0x101c0f5e0>,Angela_Jimenez@gmail.com,false
ca58e32e-35e2-11ed-8e89-924eac19c426,Amy_Reese,8fa528e7bdcf8c0b32cb0cce85a75f45,6B03X62pPm,Amy Reese,S25884896I,<function generate_contact at 0x101c0f5e0>,Amy_Reese@outlook.com,false
ca58e90a-35e2-11ed-8e89-924eac19c426,Angela_Nguyen,46e0fa42c8e24625c6cb4ba021bd9015,QWrBiDY1Z6,Angela Nguyen,T11519696X,<function generate_contact at 0x101c0f5e0>,Angela_Nguyen@gmail.com,false
ca58eedc-35e2-11ed-8e89-924eac19c426,Harry_Yang,2bd23500081d7b6d03f66568e9673ce8,LMWbqjPQAS,Harry Yang,S11998191V,<function generate_contact at 0x101c0f5e0>,Harry_Yang@outlook.com,false
ca58f4c2-35e2-11ed-8e89-924eac19c426,Adam_Williams,4f797ff21f571ee84b1e0e0072ba54e9,DDFUXmm8Ay,Adam Williams,S77073895D,<function generate_contact at 0x101c0f5e0>,Adam_Williams@gmail.com,false
ca58fab2-35e2-11ed-8e89-924eac19c426,Chelsea_Grant,8c3ad2bb32b337744854e82199d728b1,mE7aeQb3NI,Chelsea Grant,T49870732C,<function generate_contact at 0x101c0f5e0>,Chelsea_Grant@gmail.com,false
ca590098-35e2-11ed-8e89-924eac19c426,William_Rodriguez,087a2b6a789c114ef99c99981cd8eefd,iM9wAuiC1x,William Rodriguez,T83553364G,<function generate_contact at 0x101c0f5e0>,William_Rodriguez@yahoo.com,false
ca59067e-35e2-11ed-8e89-924eac19c426,Andrea_Oconnor,1fdeb6cc5f8607b7e0fc22e9f7e9666f,uTsuUZ57zb,Andrea Oconnor,S38829516J,<function generate_contact at 0x101c0f5e0>,Andrea_Oconnor@outlook.com,false
ca590c6e-35e2-11ed-8e89-924eac19c426,Joshua_Cole,e8e02725efc6698bda565ac24ba6309e,8kogKJGyYU,Joshua Cole,S57294161N,<function generate_contact at 0x101c0f5e0>,Joshua_Cole@yahoo.com,false
ca59125e-35e2-11ed-8e89-924eac19c426,Nicole_Vance,2b07c91b6928cd7e8157ad427588ee11,ngEtQJ7Qrs,Nicole Vance,T89729591H,<function generate_contact at 0x101c0f5e0>,Nicole_Vance@yahoo.com,false
ca591844-35e2-11ed-8e89-924eac19c426,William_Perkins,a30388a62a9ccdc10e388a95162d9851,xse9sUbq1C,William Perkins,T86210782D,<function generate_contact at 0x101c0f5e0>,William_Perkins@yahoo.com,false
ca591e2a-35e2-11ed-8e89-924eac19c426,Amy_Boyd,9d1d1591a6f3a8f468c275a9c6bda3d1,gokiKf13qN,Amy Boyd,S93481036P,<function generate_contact at 0x101c0f5e0>,Amy_Boyd@yahoo.com,false
ca592410-35e2-11ed-8e89-924eac19c426,Scott_Thompson,50fa9a871c300f46b8b75be5fedb19e3,NBRomGxrKi,Scott Thompson,S20185907I,<function generate_contact at 0x101c0f5e0>,Scott_Thompson@gmail.com,false
ca5929e2-35e2-11ed-8e89-924eac19c426,Jacob_Kaufman,4d27366deacc1a98ea2473c5ad2f2ea7,A5J81RjwgD,Jacob Kaufman,S67551854S,<function generate_contact at 0x101c0f5e0>,Jacob_Kaufman@gmail.com,false
ca592fd2-35e2-11ed-8e89-924eac19c426,Paul_Harris,14786fb1e1d9b2a7e09feafd26ed3d00,8YiKN6184P,Paul Harris,T79455611U,<function generate_contact at 0x101c0f5e0>,Paul_Harris@yahoo.com,false
ca5935b8-35e2-11ed-8e89-924eac19c426,Daniel_Rivera,f57f435e05256539a7c02ce7af009605,SyaC7XkvZI,Daniel Rivera,T32255041F,<function generate_contact at 0x101c0f5e0>,Daniel_Rivera@outlook.com,false
ca593b9e-35e2-11ed-8e89-924eac19c426,Bruce_Garcia,0d8afd9df5439678f17bf8032dccbacf,8XFtZAYt1N,Bruce Garcia,T53475356W,<function generate_contact at 0x101c0f5e0>,Bruce_Garcia@gmail.com,false
ca59417a-35e2-11ed-8e89-924eac19c426,Lori_Garcia,82e1d2a352b914d6d3129f5e1748c6f5,ylCbJyR9aS,Lori Garcia,T7918604D,<function generate_contact at 0x101c0f5e0>,Lori_Garcia@yahoo.com,false
ca594756-35e2-11ed-8e89-924eac19c426,David_Macias,01ed9e6a0a3833ed29d32fdea26ffeb9,QBtqN8T3Kf,David Macias,S96913682R,<function generate_contact at 0x101c0f5e0>,David_Macias@gmail.com,false
ca594d32-35e2-11ed-8e89-924eac19c426,Preston_Brown,5908b069503597321bc7465203cab139,ufZls9L2sK,Preston Brown,S48226763V,<function generate_contact at 0x101c0f5e0>,Preston_Brown@yahoo.com,false
ca59530e-35e2-11ed-8e89-924eac19c426,Valerie_Boyd,eadb57113555ef258bb6c392b50a92e5,9Y93Zz3vGF,Valerie Boyd,S28257156Y,<function generate_contact at 0x101c0f5e0>,Valerie_Boyd@yahoo.com,false
ca595b2e-35e2-11ed-8e89-924eac19c426,Elizabeth_Wood,d0b202cea60b75f2a3ee8668d94d16ff,lPOLc6UT8j,Elizabeth Wood,S34280920Q,<function generate_contact at 0x101c0f5e0>,Elizabeth_Wood@gmail.com,false
ca596204-35e2-11ed-8e89-924eac19c426,Joe_Rice,ffae922d3d6add54d8907d0ff5205c7c,Zde6kgFNII,Joe Rice,S57902034H,<function generate_contact at 0x101c0f5e0>,Joe_Rice@yahoo.com,false
ca5967ea-35e2-11ed-8e89-924eac19c426,Charlene_Nelson,536f65de5814c0d9cbb0c09d6fb9e1ba,KRiiKSXi3D,Charlene Nelson,T5575399G,<function generate_contact at 0x101c0f5e0>,Charlene_Nelson@outlook.com,false
ca5971e0-35e2-11ed-8e89-924eac19c426,Jerry_Freeman,1dfc8f6414263ce7f4d6e961321cca6c,GOkkEUeA5Z,Jerry Freeman,T66265648P,<function generate_contact at 0x101c0f5e0>,Jerry_Freeman@gmail.com,false
ca597848-35e2-11ed-8e89-924eac19c426,Angela_Martin,073bf785da42f3e2c264112ed10071b9,vh5GqndOtq,Angela Martin,S12675459K,<function generate_contact at 0x101c0f5e0>,Angela_Martin@outlook.com,false
ca597e2e-35e2-11ed-8e89-924eac19c426,Angela_Diaz,575851a477b99b7171d048428b886faa,a2LcenC8X6,Angela Diaz,T15022821Q,<function generate_contact at 0x101c0f5e0>,Angela_Diaz@outlook.com,false
ca59840a-35e2-11ed-8e89-924eac19c426,Stephanie_Sanchez,609562c50cafe221da35257b0d7d42a0,ZL3ghZ1Wgu,Stephanie Sanchez,T88249433A,<function generate_contact at 0x101c0f5e0>,Stephanie_Sanchez@gmail.com,false
ca5989f0-35e2-11ed-8e89-924eac19c426,Stephanie_Harris,d2712da454f47d4552fe3168c622a0db,XGdGdGsxVG,Stephanie Harris,S8607785W,<function generate_contact at 0x101c0f5e0>,Stephanie_Harris@gmail.com,false
ca598fd6-35e2-11ed-8e89-924eac19c426,Christopher_Rollins,c8d120aa3bce75c1c2ea46077b58067f,43lZF2rJsE,Christopher Rollins,S54548790Q,<function generate_contact at 0x101c0f5e0>,Christopher_Rollins@outlook.com,false
ca5995d0-35e2-11ed-8e89-924eac19c426,Tony_Anderson,bb228ef238c36dac925c5a70a755e846,gRaH6it3iS,Tony Anderson,T91892386V,<function generate_contact at 0x101c0f5e0>,Tony_Anderson@yahoo.com,false
ca599bc0-35e2-11ed-8e89-924eac19c426,Patrick_Martinez,2b80e42aa7b2d15d0a92eb9ebea61675,MdCFQsY144,Patrick Martinez,T30464717J,<function generate_contact at 0x101c0f5e0>,Patrick_Martinez@outlook.com,false
ca59a19c-35e2-11ed-8e89-924eac19c426,Michael_Cowan,e526b33706de45a429a8aaa41ed07459,8RhR0ZpcQV,Michael Cowan,T34550445F,<function generate_contact at 0x101c0f5e0>,Michael_Cowan@gmail.com,false
ca59a8b8-35e2-11ed-8e89-924eac19c426,Sara_Pace,c3c637de2ac76f312cb6341011bca991,qmnH1lXTmg,Sara Pace,T50032364G,<function generate_contact at 0x101c0f5e0>,Sara_Pace@outlook.com,false
ca59aea8-35e2-11ed-8e89-924eac19c426,Brian_Davis,d42a08e347db134b1af23be8e49bea5d,wNJs5I4zNb,Brian Davis,S61561894B,<function generate_contact at 0x101c0f5e0>,Brian_Davis@outlook.com,false
ca59b47a-35e2-11ed-8e89-924eac19c426,Kristen_Garcia,d7816a81c87da0e285480321d8f852ad,3duD6Yv5oX,Kristen Garcia,S41830275Q,<function generate_contact at 0x101c0f5e0>,Kristen_Garcia@gmail.com,false
ca59ba60-35e2-11ed-8e89-924eac19c426,Bryan_Robinson,b5707cc1d04a0390c1c3e2badca59ad3,OGROpivq6g,Bryan Robinson,T37673494G,<function generate_contact at 0x101c0f5e0>,Bryan_Robinson@gmail.com,false
