null,f,1ed5703ece53ca90,stephanie_gould,pbkdf2_sha256$390000$aChVFvpQ6OWeaSTKdEngwt6z$MReEfd+knKUoR8XQzp8glXj6ZvDbiXZAaCN9VCgH/uM=,Stephanie Gould,S8277304W,86291009,stephanie_gould@yahoo.com,t
null,f,1f08df40aeaf3e45,brian_miller,pbkdf2_sha256$390000$WW8gS9QSc7vfJZje/vMffMoV$HbvcxnJuk/buGpWn2rmuh1TzT6c4i1mpeZsvLsfu3eQ=,Brian Miller,S9060033L,98536336,brian_miller@yahoo.com,t
null,f,ca5c445f69a25e58,mary_fitzgerald,pbkdf2_sha256$390000$UiAN/NG1dmdfD6t0blknUdAx$+c0hrXuLMpldxbD000NuFISvrhYQRqT1ga6EwbPGgM4=,Mary Fitzgerald,T1409190W,88471706,mary_fitzgerald@outlook.com,t
null,f,04575ef1b0f584f5,elizabeth_parker,pbkdf2_sha256$390000$mHi3aYxZ1fhJd8dqro2N2buR$AWy1qIxrlvx0iL9S/AQfiSnfK0GLdG/Ad5C/Jngyf7c=,Elizabeth Parker,T1129368R,80414240,elizabeth_parker@outlook.com,t
null,f,dd9080a71e1ffb78,catherine_lawson,pbkdf2_sha256$390000$e8TCru3jSVzFoh9mouhP73+H$lhAIo2sfrrU57Qbsyv8pbDQISQ8fiVh0O8il0ui8E9I=,Catherine Lawson,T0299922L,98491329,catherine_lawson@gmail.com,t
null,f,03e6b76148553a4a,bianca_moore,pbkdf2_sha256$390000$61FegbOisO/5eYxvcZx9IQ36$mt5TuFPC/5iTQlK7gw7KoNNySgVxnKM7NnNEhy+biVM=,Bianca Moore,S6898325M,86237859,bianca_moore@gmail.com,t
null,f,06efec643cef34c1,ryan_long,pbkdf2_sha256$390000$dwNPjHvuQ3sxfTYfYoZ2jyiQ$yU7vgkj51J6ho6jA6hXBXktR8QzQVvdc3udOcuGIEO0=,Ryan Long,T0685991R,86040311,ryan_long@gmail.com,t
null,f,31ec63aea6e2c90a,jennifer_cooley,pbkdf2_sha256$390000$cvrLckf89GWU29MnO0sKs+gQ$THLDl1ogJvxR5ugkDXFL38dHxNBXjidpIm4zrOxEXvw=,Jennifer Cooley,T1109153Q,91839495,jennifer_cooley@outlook.com,t
null,f,27d4171d68444428,stacy_stephens,pbkdf2_sha256$390000$LRvq5hQtj5WjtcZUdZWefLIO$nfXCn+g760H3M6uewwTVn2AABeG+00JuzbXpHy2Jqm4=,Stacy Stephens,S7617674K,87219281,stacy_stephens@gmail.com,t
null,f,07cbcbc9b3e2cec7,sean_adams,pbkdf2_sha256$390000$O+appSTokgU0yeRTJtB1Dq23$gxRZTh2SF+xyS2nW4pkAvybaM27jzyDTa9t17YXMCpY=,Sean Adams,S9451575R,99968132,sean_adams@gmail.com,t
null,f,6c0907ac89d2d265,barry_johnson,pbkdf2_sha256$390000$rh6VgFyg/hlPZVhsi2uyf24q$2nEWreLQqZL8L/FUc/iOd36jQkXwRSVJ3Uv+yi+rR/A=,Barry Johnson,T0569429B,97860776,barry_johnson@yahoo.com,t
null,f,9190818ff1854e67,steven_flores,pbkdf2_sha256$390000$go0wySJKimRvnNN4w4WV50LQ$OfgLDODg67fAWJXYeOCZa3wWsxFTRcFPGl9mqcstqVA=,Steven Flores,T0630026E,81146925,steven_flores@gmail.com,t
null,f,7d6f886a8950fc56,norman_snow,pbkdf2_sha256$390000$pZZouRDuxBpqYsYn2g7gV3nq$72JfY/E+rUXyDVp2SmMwuR8Xyb7xmIJkBpIpaglPf6U=,Norman Snow,S8661970P,82745034,norman_snow@outlook.com,t
null,f,69022d8f33c3c90b,alicia_castro,pbkdf2_sha256$390000$i6+mXDK2N8ZUx/LzrCMOvKKA$LVgfRmT74qIlfi4lT6O4XPZE7pf2FU4ZN1Lk/r4xKKc=,Alicia Castro,T0922983F,99845040,alicia_castro@gmail.com,t
null,f,3004553937da0037,joel_johnson,pbkdf2_sha256$390000$bUtaYUIoPehJuXWcGrWKEoqJ$s/YzcJO02ylXEeDVYJf6Fw89/btn7bxsaslTnWS/I+U=,Joel Johnson,S9863936L,97747655,joel_johnson@outlook.com,t
null,f,bab32abcadef1dab,mark_taylor,pbkdf2_sha256$390000$2l34aTdkRBv9e46jJtGC0Aed$/iOSP5igRHINyPa6UHsVOesKgwbNiG8O4fJ2AAbBfoQ=,Mark Taylor,S9389474F,99475266,mark_taylor@yahoo.com,t
null,f,2509a18bb98a758f,william_lutz,pbkdf2_sha256$390000$V09Fqkiitm7lnj2i+0ji3AQ9$jjM4qjVrtWu/oJahYpYQHlollHZTpW+jdlc9Ynq+8cw=,William Lutz,S8217249S,97919274,william_lutz@gmail.com,t
null,f,657d4856346f55ec,emily_white,pbkdf2_sha256$390000$GoKjnWXWdduTJqv2YzYlsID7$4RowsvSUR3UWTA9Oc+Md/aco2Vlw+G1mC4P5PszaZyg=,Emily White,S6919942V,80890452,emily_white@yahoo.com,t
null,f,663842474cb7ac6d,patricia_robles,pbkdf2_sha256$390000$DkdBZZWUL3/rVuGbLcO3+i/B$dd49eF0NAgb9GWGceKYQxEJxE2AYpDfj+Xi29ARD5GQ=,Patricia Robles,T1219390L,82908072,patricia_robles@gmail.com,t
null,f,f07538a3516cc102,jessica_knox,pbkdf2_sha256$390000$u2Ivyx1Fe/WzLo3LWR3684FO$SvyFDMZfhdPjo3AgYL+n4Dzjcwn7asPesHQBGn0F7ik=,Jessica Knox,S8283755V,94107811,jessica_knox@outlook.com,t
null,f,24d66564b9c39ae6,kathryn_clarke,pbkdf2_sha256$390000$NoiluekgVPQnQH9bQNsKtfeq$5pQ1r+7BApUTDoaPVQQaShwMbHBkXOSVU8ajyCLrPFk=,Kathryn Clarke,T0624411G,96260917,kathryn_clarke@yahoo.com,t
null,f,ef9741a95331a0aa,michael_pollard,pbkdf2_sha256$390000$9UYBdmA9Wgb7iT309RF2pvG0$rSdBHMMAR9eDNxzej7W+MlUROpiSMTp2nHi+46jNoNo=,Michael Pollard,T1320573M,93258560,michael_pollard@gmail.com,t
null,f,df9fe410d7979324,suzanne_martin,pbkdf2_sha256$390000$76RrOqINwn40i1E1ni2ohVvm$qonCOFp+BpAVFUnrYNCRxazlK2up3q1B7GDce47CC64=,Suzanne Martin,T0497560W,95166973,suzanne_martin@yahoo.com,t
null,f,2d4acce5e5216ec0,karen_espinoza,pbkdf2_sha256$390000$NiilLM1mswoGhdvW//b7Ixu3$ZgZujoyfAC+3LJGAFpmIxD2bbrp/21BECmHsaKASPwg=,Karen Espinoza,S8354152Z,88393148,karen_espinoza@outlook.com,t
null,f,437802d3e4a3c899,steven_moreno,pbkdf2_sha256$390000$/4OXWcLL1BLJNkpMChtY+50N$f3BJDhr/rQ771ned5K4rkmQy0xnsh16Oh9Y6QUr5gdY=,Steven Moreno,T0575372S,85149054,steven_moreno@yahoo.com,t
null,f,63129ef0ad67f167,tracy_buckley,pbkdf2_sha256$390000$24P+HgAIx+c4OSpO1Wbsa2sG$rpsqqDGohzaHNfYtouNQUX/tTZy0+yL4+wrAxh0bZKQ=,Tracy Buckley,S7249801N,99621025,tracy_buckley@outlook.com,t
null,f,83bbf5e2a9ca3eda,vincent_decker,pbkdf2_sha256$390000$oq6jh1q2W40YANaFt5jKmuEF$RCds9XhAelKg+NS2zDt9AHQZi0PIxTxP5yaIXasoemU=,Vincent Decker,S7921078E,93820231,vincent_decker@outlook.com,t
null,f,0072f64b810b122d,michael_andrade,pbkdf2_sha256$390000$8IwJmugJngJN9HhqZxGJQz8L$NbNm4LjoDMRkm8XIBRQ/GlmbtuzbuSo37bGx3+YE2os=,Michael Andrade,S8801139R,83931124,michael_andrade@outlook.com,t
null,f,56beb43707a3b7dc,rachel_murray,pbkdf2_sha256$390000$zD5jfER57fnLJ+Ve/6UhRYdU$hQ9M4w6SSeZSgt6cjJALqm3GUwrnDhs3tbLVzWt7zuM=,Rachel Murray,S7607152U,93264711,rachel_murray@outlook.com,t
null,f,ea56fe5eb4e65141,ashley_knapp,pbkdf2_sha256$390000$xmvz8Rd6TL8KhVei2Kh4jMCF$xYPDApHqiIZ84lE2Uz7mcy45l3AZOWfBnufQf4QHog0=,Ashley Knapp,S9158218V,87419917,ashley_knapp@yahoo.com,t
null,f,8f149f50181e48a8,jennifer_tucker,pbkdf2_sha256$390000$SA98zHVcCWZlU6NT3mj4R6RA$XX63L4eavqtU6d1rBTEKJ5hzLzw/iYXmvrPC2y6h21I=,Jennifer Tucker,T0767679W,86317265,jennifer_tucker@outlook.com,t
null,f,c5298304dc20d663,jeffrey_nguyen,pbkdf2_sha256$390000$bf+GF1oJLnj1uc6jKVgniJ91$E148jrE2oHe6rE2S3p20yaUv9vuZBlThtZV8DH/rlfM=,Jeffrey Nguyen,S9570491K,93533372,jeffrey_nguyen@gmail.com,t
null,f,fa0721f525cf7ade,holly_martin,pbkdf2_sha256$390000$CLoxb7eZV4QWh7Ya7VIJTkF5$+VCPjgsjF0vZItp/lagIB7RnRo4ElesGG5+gFGy7GPs=,Holly Martin,S8829232O,91859261,holly_martin@gmail.com,t
null,f,39a162981b8a3ba0,rebecca_adams,pbkdf2_sha256$390000$vVIG+cfAOI3mEIBGnC7mQEzz$xhDwmUHZzxpM3DxzySRG1QOMmag7GdUg5fA3yMkhdx0=,Rebecca Adams,S9875081C,81090091,rebecca_adams@gmail.com,t
null,f,91547c04fff9b6b3,rhonda_collins,pbkdf2_sha256$390000$bN7U03wi3cnFbwtqCyt8mXtA$B+6+y+WYz5271UVN9be6iQ6ctWbeCPJVkkD1elTCFYE=,Rhonda Collins,S7530688U,92079991,rhonda_collins@yahoo.com,t
null,f,05071b515978f9fd,susan_mccarthy,pbkdf2_sha256$390000$3f009EY9A3KZZjQvYXym45JC$0ahwEONCAhDp4wk+BEvBZ9fUm5xejQkHBsdU6bdKUkQ=,Susan Mccarthy,S7573001Y,96287885,susan_mccarthy@outlook.com,t
null,f,067c863af7ee4db2,william_holmes,pbkdf2_sha256$390000$qNcAUi6n1+HbR3XSUL8z/owF$Dk6MvKY2d6LqoWqZkb5sKOLvc6JAJbwR+4GCr+ruUq4=,William Holmes,T1579820C,80416737,william_holmes@gmail.com,t
null,f,c95b6042f5f189e3,denise_matthews,pbkdf2_sha256$390000$EmFkTt3v3bZbeB5pNWnE6hEt$chktULdNayOUgjtXGbY2y0CWWAQSgMpEYVX6tRWon00=,Denise Matthews,S8085201W,84115757,denise_matthews@outlook.com,t
null,f,b922d36a329560f2,larry_clark,pbkdf2_sha256$390000$t5viqk0+sxiDFvf/FWkoBa8j$7/sk7NkcwJdv/tTQL1tIhRxopFjJ7BBht9I62fEdHJU=,Larry Clark,T0576158M,98407224,larry_clark@yahoo.com,t
null,f,2f4c2b17bee38336,william_villa,pbkdf2_sha256$390000$/hYL2LEYVz9+zOfusebQ6mPl$jtM8CT70e/JS6Bmv7p5IXGYYQ6Au4yPdR2Yksa2ZT10=,William Villa,T0163081W,84709558,william_villa@gmail.com,t
null,f,ef82817b0b2d63bb,cindy_jones,pbkdf2_sha256$390000$aQmw6irFddNIFqJgt0ZEz5Kk$T+r/eKVYAqOF1wmYRI6ER1M981tLmMLL9X5NZjkECJo=,Cindy Jones,S7348321C,90488542,cindy_jones@yahoo.com,t
null,f,21a4d48b78d18b82,lori_swanson,pbkdf2_sha256$390000$LPKmStvasAgFfXfwEITiq3Am$7CySkkEGNpkODljlXQUdJNSNfL4W95Sw5Z2INmQdGcw=,Lori Swanson,T0752614U,91441001,lori_swanson@outlook.com,t
null,f,d0c35cb592a6184f,rebecca_lee,pbkdf2_sha256$390000$mjxYNyegRvv9hhSr5gPbTGal$ZHtXdW//OPuN3NNZ3YSoLDSbGg5Fgq36Nkgg5j88ojg=,Rebecca Lee,S9884630K,83153138,rebecca_lee@gmail.com,t
null,f,7a59780e7e49acb8,julie_brown,pbkdf2_sha256$390000$pXzBPkS7Cl4iYhqueqSDB3zV$IRfYrs1iXPUERtlez5IZKGzzVi+RF62ZoSJ30alCpyQ=,Julie Brown,T1244082Q,86132982,julie_brown@yahoo.com,t
null,f,9cb6b05602eeea22,denise_nelson,pbkdf2_sha256$390000$AH3W4ojR/F++Zjq5vKn6Ww5Q$zXMxGQG5dwNcLvb6aFTLNnQi9kI85x2cPVNdyLCVlyo=,Denise Nelson,T1018814Q,82055182,denise_nelson@yahoo.com,t
null,f,5f9d9a3efcb123e8,jeremy_hutchinson,pbkdf2_sha256$390000$MVZEfM1xZYTQCCOc83XnMiLq$4b+q9J7pqYTtNOWRfh/jIbX8W8/ELikjq3ekXqxAF9w=,Jeremy Hutchinson,S7735354U,95535201,jeremy_hutchinson@gmail.com,t
null,f,aa70d279fcbf2a78,daniel_boyd,pbkdf2_sha256$390000$ZS2TDvqQKXGjVGlPGQkbsj8V$kXdLOCqpih5qfkaYZamU0xjWA4zZYALhWkQYrj/2MGM=,Daniel Boyd,S9088270M,96922499,daniel_boyd@outlook.com,t
null,f,d48f649599e7919c,melissa_sanchez,pbkdf2_sha256$390000$eHaTRzKiHcI4nBaiTuuvGqkT$N3RfYgit7FPKMX2F26rB0TAEavl4ylIdBlk8AFbMQ5E=,Melissa Sanchez,S9302874L,82041483,melissa_sanchez@outlook.com,t
null,f,d9ebaa5ffb8ca68d,jason_gilmore,pbkdf2_sha256$390000$xNQaUSmquYl8ckjYA3caoDGp$TwhpTOf+nh3i152VBBuKJvHf7FqtgTRIlsElGKyxzcI=,Jason Gilmore,S6952961R,87114699,jason_gilmore@gmail.com,t
null,f,1b16e9af8796a09f,rodney_love,pbkdf2_sha256$390000$MjnHmklIKy7IHKMxh9cW5eVx$IIburXGLiGhaGwRqIoxQlJVodTBg0j85kM+3MJ8EsyI=,Rodney Love,T1462660W,88249386,rodney_love@gmail.com,t
null,f,c233f9afe66441bb,anthony_cox,pbkdf2_sha256$390000$LfYTyEf1DhyTaPOzGHq9+AQv$ZS6wnw4qqJB6yFgh0YYMHMRF43FjDpqyfqnOThruiqc=,Anthony Cox,T0494633C,98066627,anthony_cox@yahoo.com,t
null,f,e6546be1a8631fea,george_chambers,pbkdf2_sha256$390000$JDZRD+spcJugSD3vx5C/Stm9$YAWJvgXRUeMD+x/CkLozcr2ERF5bt9SUWGcoZRS45dY=,George Chambers,T0107934R,89127121,george_chambers@yahoo.com,t
null,f,836d2bcd391fa7f1,christopher_blevins,pbkdf2_sha256$390000$TX6xp4evv9qRb/AmbCw0a7HU$9973+qV0xT0l1nMDGU9VfyJZEDG8oM58Jhey5feakJU=,Christopher Blevins,S7469294Y,92260335,christopher_blevins@outlook.com,t
null,f,13915b67f34b2bc5,anthony_daniel,pbkdf2_sha256$390000$Bx0V6NHlLG6aqPr2VhfckoS2$R1bNQOH6NemdS5usjQHhQwax+nu9hWYiBJX74Y4oj18=,Anthony Daniel,S6878929X,87521372,anthony_daniel@yahoo.com,t
null,f,02943b54587e49f4,andrew_scott,pbkdf2_sha256$390000$GNSlnTjJXf0Z/TBr7QnG44j+$nJr7i4wf5acLavK2NCCT0cyUPg4eZIJx6hs4WsfEIBU=,Andrew Scott,T1262172T,93595330,andrew_scott@yahoo.com,t
null,f,d726dee8362445dd,lisa_moore,pbkdf2_sha256$390000$eyerWnFKqA7c3FRzGqWQl7o4$zbs+DLkyRRqcZe7h0Qn+DqLaRjK4Ex2JpkacmNr3S2Q=,Lisa Moore,S7907749G,82274275,lisa_moore@yahoo.com,t
null,f,9fe6be3674a84eff,isaiah_holt,pbkdf2_sha256$390000$iXhSKh+iGyJtaf3e5QPdNsDw$CHORGYt+JYxZqukRHtf3s2ZNIDJ5olWVpUFSN6m8VKQ=,Isaiah Holt,T0976921T,90100670,isaiah_holt@outlook.com,t
null,f,c2d8e32756baf235,paul_williams,pbkdf2_sha256$390000$3BbRjIbBF8g+XnXCHHW81CPj$ieMz9j5jOgR1wzx2dTKWvNs0Xc8leZKnpmzJQ02idUU=,Paul Williams,S8819501B,96100635,paul_williams@gmail.com,t
null,f,afeaba7113304321,veronica_hernandez,pbkdf2_sha256$390000$1p4yOdc83swQJZ1mP3FBEs4i$igEKAxYThhnWA1CRGodDJtKb/3hYO+a7LTjymQd7/KU=,Veronica Hernandez,T0451243B,86376969,veronica_hernandez@outlook.com,t
null,f,73ee4ac64833a460,barry_cooper,pbkdf2_sha256$390000$dP5olCA7ZyPKZT6q6n1D3Jqd$Ag9W24JqDm9FQ+UTnRsxaxslxTWOUGjQenzPE8n5/uA=,Barry Cooper,S9269269K,93593790,barry_cooper@outlook.com,t
null,f,280153423ce4fefb,christina_newton,pbkdf2_sha256$390000$BI+aa1xFhqEIRF87AD8I52wC$LpROPXHZMmH9h488cwE0XwHgarCnjrUBkhsmmUgAu9A=,Christina Newton,S8441569M,89728013,christina_newton@gmail.com,t
null,f,22b78b6f471e6321,daniel_rogers,pbkdf2_sha256$390000$lhOAxWIQI4DT9v1qheG/E/Uj$UgIpo4PNR/oGkS5yHxW7I3K8d/0xT5LnjqMha2U4ejE=,Daniel Rogers,S7686749N,80498711,daniel_rogers@yahoo.com,t
null,f,131f136a42930726,anthony_west,pbkdf2_sha256$390000$8hg0hEamIVJsYnuEQifeAo2R$4L1VgtJHPH32u06cNk6VnB1P1vXnfpElRlHB2xApFZY=,Anthony West,S7499249O,92519635,anthony_west@yahoo.com,t
null,f,c67c97f68dffde20,katie_singh,pbkdf2_sha256$390000$RiCTGhNM8fzRSRKJ2OwBtreS$VkrrHgnMJDyklgwj/9SikXPgWSyeZBwUpn/gqaD8hjA=,Katie Singh,T0274721M,99865883,katie_singh@yahoo.com,t
null,f,7e212457f31c202e,rachel_campos,pbkdf2_sha256$390000$ku8UyINbmuqd+WpvBnMI9XvB$3fynONmqGECm5UNhc75yk5edbGFzREBxHXebIa7e6xA=,Rachel Campos,T0770334I,83524881,rachel_campos@yahoo.com,t
null,f,0b0b32d2f5a9966a,michelle_thornton,pbkdf2_sha256$390000$BKwnL+DDj7LSffP2U36EG5g0$KrfYYNexytbaax1b3/6VGUyxhrNmXscGYJEjPgnyGeM=,Michelle Thornton,T0907534T,80688679,michelle_thornton@yahoo.com,t
null,f,464d6d6296ae85f9,thomas_perez,pbkdf2_sha256$390000$zxJkeig7ZHKFNaKXBsaEqyV2$vZ9HCyVZPIAv1ayzv7r0FCgOGDTHI1QhW34elb77B6U=,Thomas Perez,S8805158C,98492003,thomas_perez@yahoo.com,t
null,f,9e9f1bc0034067b4,donna_stewart,pbkdf2_sha256$390000$AxJfAdR2OsnX9tU/iPx9EVJj$A7Y5mMyN/wSsMqZoxsnBxuAMXX7lvaP6zjkX+kTuxH4=,Donna Stewart,T0146945F,80844262,donna_stewart@gmail.com,t
null,f,63b23772f7df458c,curtis_west,pbkdf2_sha256$390000$ZRS58JhJCHNruDAf5X6X9IU+$U5Aa4KGi0KKFIOMmFNFwRS5dOh8sfWcLpU9fZyyeO5M=,Curtis West,T0036719A,96855865,curtis_west@outlook.com,t
null,f,cbd32750c6ad73f8,nancy_anderson,pbkdf2_sha256$390000$wNMSJKYMP9xLPyhMJSC5VciM$1T9QppMGcs4gBGJfiU6NRSJqhldJ5jJFjcLmt8FUUfY=,Nancy Anderson,S8185070S,85929036,nancy_anderson@outlook.com,t
null,f,f113eb5bad3e9997,brenda_long,pbkdf2_sha256$390000$ny8ak9Sjo+Zm0NFDZciSPDH5$latRn0ceuJPeZgQHGibFH/X3LhmKQ42RPpT1VhSPvKo=,Brenda Long,T0451610H,97099856,brenda_long@yahoo.com,t
null,f,2cc9e62a082e854f,zachary_thomas,pbkdf2_sha256$390000$NWNPYeUYUV9vfnMI8wEAq3OT$DSLqoSxWR5/HOoKgTDOpHezMwn23ER0OsyvPCdtQOvI=,Zachary Thomas,T1452331N,96726205,zachary_thomas@outlook.com,t
null,f,2eb0fcd18cac31f3,susan_green,pbkdf2_sha256$390000$sjnaO/DjVGFvSwae/vfnmWDG$+C4JCnB5prEfFmN5Q9ldwX62940Yjy0rOiFbSVx7+YY=,Susan Green,S9052997Y,82054193,susan_green@yahoo.com,t
null,f,db6d1ac75c49e079,catherine_barnes,pbkdf2_sha256$390000$PDou8bH9BHJBnFzaVatub9c6$kjuPsyJS2Xi771zTL+xgLo4dNyWIgmm1GgZ07ywrr48=,Catherine Barnes,T1017313C,91433205,catherine_barnes@gmail.com,t
null,f,e86470658e659dba,andrew_grant,pbkdf2_sha256$390000$ImTeaMeHkQ/z/gVj1mn5chLe$lh08TelCUkCo6OV3VbB1bePaYo2UupI5VLjbIuCnfY0=,Andrew Grant,T0946749J,94282554,andrew_grant@outlook.com,t
null,f,fdefae45d5ddb69a,donald_brown,pbkdf2_sha256$390000$dIF1TPdGGqs2bvPnE4lludFI$oZLW0/216a/QL0zTMVyh6xHnq/irkjI3eK5aPL/3sfk=,Donald Brown,S9200257U,95937701,donald_brown@gmail.com,t
null,f,d9f2f705f1f1cfa2,arthur_martin,pbkdf2_sha256$390000$U21ZBr+33X68VSQ9+ialIUtQ$Nhkx6hiAQv6ornBTRDMOMt+qgQaMd0LS4av1/V9k0JM=,Arthur Martin,T1234440E,83963851,arthur_martin@outlook.com,t
null,f,a6479fae9a9bdd91,cody_reid,pbkdf2_sha256$390000$DIMtJjCKtrhjLRPtZMGdwKQ1$w1D/OHwcCfDrneTmXaeHzGDMN9dy0ztFQUFtnAEV+7Y=,Cody Reid,T0945346F,83843360,cody_reid@outlook.com,t
null,f,2e5fc8a88bc2fa6c,william_lucero,pbkdf2_sha256$390000$Z+YVMhNsqiGaytDu+iJOPwut$h+mpy2nnIsCB/yOfz57fzCBfVo5AhmmdbcMQL95vWHg=,William Lucero,T0488282W,93527550,william_lucero@gmail.com,t
null,f,0ac422cf7908b8d5,sarah_vang,pbkdf2_sha256$390000$RiMg1BC6XxnAoXetwdbAneI8$2hNi/J2m4kLjB8Cq+mVXVzmyEWzOBB8sfZ9ygH40xnE=,Sarah Vang,T0404436M,82074491,sarah_vang@gmail.com,t
null,f,ecfd4351a54bf53f,jesse_wallace,pbkdf2_sha256$390000$AyJ286RxOlm9Uwk73Ugj8d7l$O8gS9hHqDLJ8wZFq3zz1lgTT7jTg9ieGjZO+xX7Stx0=,Jesse Wallace,S9327031V,91282784,jesse_wallace@yahoo.com,t
null,f,0c9912b15d1d557f,john_garza,pbkdf2_sha256$390000$nRdoBlDYriadhtXlmCTTjhJw$+yeGvaGbVRhf213Uh8yaRWz0//MTVlSluUyCgSoMfUY=,John Garza,T1322294V,94152144,john_garza@outlook.com,t
null,f,e927130d074efc16,claudia_mcbride,pbkdf2_sha256$390000$k8mUhtBUISpz53iSRb9mdJEC$11IFqmbEbk4+U3/1v/RkgnZBQaBzDVgFb+CLaMoG+14=,Claudia Mcbride,S7393502Y,89705109,claudia_mcbride@outlook.com,t
null,f,d6b908b02db7d993,jenna_scott,pbkdf2_sha256$390000$tS1nPSOunYyMD2Ki6cKndsWI$wu0TBker5dp1pwTvzsih9AU8j65aZX+j3NGLUoFhxao=,Jenna Scott,S9248225A,87525539,jenna_scott@yahoo.com,t
null,f,1e6a55415358db9a,rodney_fox,pbkdf2_sha256$390000$PuyYjSvqiIOYK8mf4kfG4qWY$M4sjUNhP1xWlI3kSo3bcJAjTgI87ETnyTD/6iCfeAew=,Rodney Fox,T1143348Q,81269006,rodney_fox@yahoo.com,t
null,f,b8b853a847d251e8,adam_johnson,pbkdf2_sha256$390000$ok1xP9n/XLSV0VWhlFZ67FGk$RCMpHjOHdZmM+5SQiNb+2XgYRlY/JEFge0eJyBxhRAo=,Adam Johnson,T1466877U,83026588,adam_johnson@outlook.com,t
null,f,55e42b032b068088,riley_rodriguez,pbkdf2_sha256$390000$mIizdOL8kOjOWxlSYoc/TQVf$b4/6LO/heCprbJllUVTzu0+0JROR1hQqMSxqO8QG+wo=,Riley Rodriguez,T1479621J,84207133,riley_rodriguez@gmail.com,t
null,f,080f661c03c46a57,jennifer_allen,pbkdf2_sha256$390000$2t6+Rgv2qlLmHQFvzr/ZqCU/$q5semvh0afikHAyW8iAweEzluRADXpx7T/SNuMkfgiA=,Jennifer Allen,S7102909C,88829955,jennifer_allen@yahoo.com,t
null,f,77b00b4516d49e1b,cory_white,pbkdf2_sha256$390000$a29CPoYjJxKQHaDCunX2OxOs$Io1EqB+oHBTGNBHIEBxcL0I2gnH0c3ukmJpcC/Qwl3M=,Cory White,T1252078A,88236838,cory_white@gmail.com,t
null,f,c6422ab9df7342c5,jesse_robinson,pbkdf2_sha256$390000$U+285MQg4BtetHAj4mj5iveE$gBqTXDCrSxe3nE6+XdvNH1xZR/XQyZ+roNhWZzWhubQ=,Jesse Robinson,S8705603W,81517968,jesse_robinson@outlook.com,t
null,f,d1a0d6ac3af96ecf,abigail_marshall,pbkdf2_sha256$390000$7kPpMtxlV4a/b0EA5EPBvEAN$ghx7j146kC9E/baao6lfqA5Xm6KTc/hGwnlG1lMyqjY=,Abigail Marshall,S9182828D,81937967,abigail_marshall@gmail.com,t
null,f,737314e79f9c69f3,kyle_may,pbkdf2_sha256$390000$fxu9QxZC97+nsHYCT1tANbbP$2xCiishNHF3VbcOwJTKCXb025MIsxlLqy0+Mhk+cq8M=,Kyle May,S9820703U,88852870,kyle_may@yahoo.com,t
null,f,4ec59b70278d8593,jason_knox,pbkdf2_sha256$390000$3YjXpkH2hqkh+hqUcFFWl/ej$krohSK5BiLzULYGdJru4SSMr93v97ck4bqbhL0CMiE4=,Jason Knox,T1346672I,85516085,jason_knox@gmail.com,t
null,f,133ee523b913443d,sylvia_daniel,pbkdf2_sha256$390000$pkpSIz9xBqNMDof806+Gkkrp$6Cy+jvkPF9siBaBTZh68EueaHxrEztWZPmbjicsydlM=,Sylvia Daniel,T1060044I,99816132,sylvia_daniel@yahoo.com,t
null,f,37676c45779ca678,ryan_hunt,pbkdf2_sha256$390000$ctFW7nCmlbQ8s93SjcP71IAs$vqstpCmWpNijQ0/5sg0FtfPDeoOYOk6n9oEFfUGXDhA=,Ryan Hunt,S9473762K,96790784,ryan_hunt@yahoo.com,t
null,f,095565e0681c3c73,bianca_williams,pbkdf2_sha256$390000$kE3OiDh4P7/GO/0BZEYad1Gu$B4d6l3x3QCwpYnu5nVKBzzEDMnMumeoY+/ZpXY+qnzo=,Bianca Williams,S9878976D,96453995,bianca_williams@yahoo.com,t
null,f,9c2996c326a43c97,robert_warren,pbkdf2_sha256$390000$fBpnuEL9rXFx4By6dql4k1UQ$XT71BpoISqB616LcdhYlyPin/rXTS7vUJQL/Y1S+BmM=,Robert Warren,S7661886R,91167243,robert_warren@outlook.com,t
null,f,7515ebcf2b849983,howard_davis,pbkdf2_sha256$390000$K+lRzw2rDrtNYkxNGZ0adAAG$OUKciKa5/rqwTIdDq++5xjGDoDJ6M/N0kKjsfNhzJy4=,Howard Davis,T1168164E,94792299,howard_davis@yahoo.com,t
null,f,b17c807068ce721a,leah_diaz,pbkdf2_sha256$390000$morEx/YHd3J/bANKTjuWkJoL$W0m3Td8otDxPYUItpmxDsVXDazvcC047xejP/0sKXUs=,Leah Diaz,S8260846W,83988019,leah_diaz@gmail.com,t
null,f,310aa61e02a3478e,april_dorsey,pbkdf2_sha256$390000$lgek6j8w+zj91Lrrw5ZxQCQh$eKUTfI3Le0PEEKmq0mXDsM+zV5ZTeYaTKB/lvJHXlEw=,April Dorsey,S9419938K,84656921,april_dorsey@outlook.com,t
